Jurisdiction,Value,Race/ ethnicity,Year,Measure
State,515.5,All races (aggregated),2017,Alzheimers Hospitalization
Allegany,704.7,All races (aggregated),2017,Alzheimers Hospitalization
Anne Arundel,474.8,All races (aggregated),2017,Alzheimers Hospitalization
Baltimore City,820.2,All races (aggregated),2017,Alzheimers Hospitalization
Baltimore County,559,All races (aggregated),2017,Alzheimers Hospitalization
Calvert,436.9,All races (aggregated),2017,Alzheimers Hospitalization
Caroline,500.9,All races (aggregated),2017,Alzheimers Hospitalization
Carroll,452.3,All races (aggregated),2017,Alzheimers Hospitalization
Cecil,535.3,All races (aggregated),2017,Alzheimers Hospitalization
Charles,457.2,All races (aggregated),2017,Alzheimers Hospitalization
Dorchester,464.2,All races (aggregated),2017,Alzheimers Hospitalization
Frederick,494.9,All races (aggregated),2017,Alzheimers Hospitalization
Garrett,370.1,All races (aggregated),2017,Alzheimers Hospitalization
Harford,465.4,All races (aggregated),2017,Alzheimers Hospitalization
Howard,501.2,All races (aggregated),2017,Alzheimers Hospitalization
Kent,445.9,All races (aggregated),2017,Alzheimers Hospitalization
Montgomery,387.3,All races (aggregated),2017,Alzheimers Hospitalization
Prince George's,549.3,All races (aggregated),2017,Alzheimers Hospitalization
Queen Anne's,340.9,All races (aggregated),2017,Alzheimers Hospitalization
Saint Mary's,553.3,All races (aggregated),2017,Alzheimers Hospitalization
Somerset,365.1,All races (aggregated),2017,Alzheimers Hospitalization
Talbot,317.8,All races (aggregated),2017,Alzheimers Hospitalization
Washington,544,All races (aggregated),2017,Alzheimers Hospitalization
Wicomico,543.9,All races (aggregated),2017,Alzheimers Hospitalization
Worcester,407.7,All races (aggregated),2017,Alzheimers Hospitalization
State,709.5,Black,2017,Alzheimers Hospitalization
Allegany,,Black,2017,Alzheimers Hospitalization
Anne Arundel,728.6,Black,2017,Alzheimers Hospitalization
Baltimore City,848,Black,2017,Alzheimers Hospitalization
Baltimore County,876.5,Black,2017,Alzheimers Hospitalization
Calvert,585.4,Black,2017,Alzheimers Hospitalization
Caroline,,Black,2017,Alzheimers Hospitalization
Carroll,,Black,2017,Alzheimers Hospitalization
Cecil,,Black,2017,Alzheimers Hospitalization
Charles,612.8,Black,2017,Alzheimers Hospitalization
Dorchester,625.9,Black,2017,Alzheimers Hospitalization
Frederick,711.5,Black,2017,Alzheimers Hospitalization
Garrett,,Black,2017,Alzheimers Hospitalization
Harford,612.6,Black,2017,Alzheimers Hospitalization
Howard,810.4,Black,2017,Alzheimers Hospitalization
Kent,,Black,2017,Alzheimers Hospitalization
Montgomery,607.6,Black,2017,Alzheimers Hospitalization
Prince George's,608.1,Black,2017,Alzheimers Hospitalization
Queen Anne's,,Black,2017,Alzheimers Hospitalization
Saint Mary's,837.1,Black,2017,Alzheimers Hospitalization
Somerset,,Black,2017,Alzheimers Hospitalization
Talbot,,Black,2017,Alzheimers Hospitalization
Washington,1259.6,Black,2017,Alzheimers Hospitalization
Wicomico,671.5,Black,2017,Alzheimers Hospitalization
Worcester,709.1,Black,2017,Alzheimers Hospitalization
State,298.9,Hispanic,2017,Alzheimers Hospitalization
Allegany,,Hispanic,2017,Alzheimers Hospitalization
Anne Arundel,,Hispanic,2017,Alzheimers Hospitalization
Baltimore City,,Hispanic,2017,Alzheimers Hospitalization
Baltimore County,,Hispanic,2017,Alzheimers Hospitalization
Calvert,,Hispanic,2017,Alzheimers Hospitalization
Caroline,,Hispanic,2017,Alzheimers Hospitalization
Carroll,,Hispanic,2017,Alzheimers Hospitalization
Cecil,,Hispanic,2017,Alzheimers Hospitalization
Charles,,Hispanic,2017,Alzheimers Hospitalization
Dorchester,,Hispanic,2017,Alzheimers Hospitalization
Frederick,,Hispanic,2017,Alzheimers Hospitalization
Garrett,,Hispanic,2017,Alzheimers Hospitalization
Harford,,Hispanic,2017,Alzheimers Hospitalization
Howard,,Hispanic,2017,Alzheimers Hospitalization
Kent,,Hispanic,2017,Alzheimers Hospitalization
Montgomery,294.7,Hispanic,2017,Alzheimers Hospitalization
Prince George's,272.8,Hispanic,2017,Alzheimers Hospitalization
Queen Anne's,,Hispanic,2017,Alzheimers Hospitalization
Saint Mary's,,Hispanic,2017,Alzheimers Hospitalization
Somerset,,Hispanic,2017,Alzheimers Hospitalization
Talbot,,Hispanic,2017,Alzheimers Hospitalization
Washington,,Hispanic,2017,Alzheimers Hospitalization
Wicomico,,Hispanic,2017,Alzheimers Hospitalization
Worcester,,Hispanic,2017,Alzheimers Hospitalization
State,449,White,2017,Alzheimers Hospitalization
Allegany,700.1,White,2017,Alzheimers Hospitalization
Anne Arundel,435.9,White,2017,Alzheimers Hospitalization
Baltimore City,757.2,White,2017,Alzheimers Hospitalization
Baltimore County,495.6,White,2017,Alzheimers Hospitalization
Calvert,421.4,White,2017,Alzheimers Hospitalization
Caroline,406.1,White,2017,Alzheimers Hospitalization
Carroll,444,White,2017,Alzheimers Hospitalization
Cecil,526.3,White,2017,Alzheimers Hospitalization
Charles,395.1,White,2017,Alzheimers Hospitalization
Dorchester,422.1,White,2017,Alzheimers Hospitalization
Frederick,475,White,2017,Alzheimers Hospitalization
Garrett,373.3,White,2017,Alzheimers Hospitalization
Harford,451.3,White,2017,Alzheimers Hospitalization
Howard,457.3,White,2017,Alzheimers Hospitalization
Kent,433.8,White,2017,Alzheimers Hospitalization
Montgomery,332.4,White,2017,Alzheimers Hospitalization
Prince George's,398.3,White,2017,Alzheimers Hospitalization
Queen Anne's,323.3,White,2017,Alzheimers Hospitalization
Saint Mary's,510.3,White,2017,Alzheimers Hospitalization
Somerset,339.9,White,2017,Alzheimers Hospitalization
Talbot,302.4,White,2017,Alzheimers Hospitalization
Washington,520.2,White,2017,Alzheimers Hospitalization
Wicomico,511.6,White,2017,Alzheimers Hospitalization
Worcester,373.2,White,2017,Alzheimers Hospitalization
State,197.1,Asian/ Pacific Islander,2017,Alzheimers Hospitalization
Allegany,,Asian/ Pacific Islander,2017,Alzheimers Hospitalization
Anne Arundel,,Asian/ Pacific Islander,2017,Alzheimers Hospitalization
Baltimore City,,Asian/ Pacific Islander,2017,Alzheimers Hospitalization
Baltimore County,,Asian/ Pacific Islander,2017,Alzheimers Hospitalization
Calvert,,Asian/ Pacific Islander,2017,Alzheimers Hospitalization
Caroline,,Asian/ Pacific Islander,2017,Alzheimers Hospitalization
Carroll,,Asian/ Pacific Islander,2017,Alzheimers Hospitalization
Cecil,,Asian/ Pacific Islander,2017,Alzheimers Hospitalization
Charles,,Asian/ Pacific Islander,2017,Alzheimers Hospitalization
Dorchester,,Asian/ Pacific Islander,2017,Alzheimers Hospitalization
Frederick,,Asian/ Pacific Islander,2017,Alzheimers Hospitalization
Garrett,,Asian/ Pacific Islander,2017,Alzheimers Hospitalization
Harford,,Asian/ Pacific Islander,2017,Alzheimers Hospitalization
Howard,253.6,Asian/ Pacific Islander,2017,Alzheimers Hospitalization
Kent,,Asian/ Pacific Islander,2017,Alzheimers Hospitalization
Montgomery,217.3,Asian/ Pacific Islander,2017,Alzheimers Hospitalization
Prince George's,,Asian/ Pacific Islander,2017,Alzheimers Hospitalization
Queen Anne's,,Asian/ Pacific Islander,2017,Alzheimers Hospitalization
Saint Mary's,,Asian/ Pacific Islander,2017,Alzheimers Hospitalization
Somerset,,Asian/ Pacific Islander,2017,Alzheimers Hospitalization
Talbot,,Asian/ Pacific Islander,2017,Alzheimers Hospitalization
Washington,,Asian/ Pacific Islander,2017,Alzheimers Hospitalization
Wicomico,,Asian/ Pacific Islander,2017,Alzheimers Hospitalization
Worcester,,Asian/ Pacific Islander,2017,Alzheimers Hospitalization
State,527.8,All races (aggregated),2016,Alzheimers Hospitalization
Allegany,731.5,All races (aggregated),2016,Alzheimers Hospitalization
Anne Arundel,533.7,All races (aggregated),2016,Alzheimers Hospitalization
Baltimore City,833.5,All races (aggregated),2016,Alzheimers Hospitalization
Baltimore County,598.3,All races (aggregated),2016,Alzheimers Hospitalization
Calvert,456.8,All races (aggregated),2016,Alzheimers Hospitalization
Caroline,549,All races (aggregated),2016,Alzheimers Hospitalization
Carroll,486.7,All races (aggregated),2016,Alzheimers Hospitalization
Cecil,512.8,All races (aggregated),2016,Alzheimers Hospitalization
Charles,422.8,All races (aggregated),2016,Alzheimers Hospitalization
Dorchester,452.8,All races (aggregated),2016,Alzheimers Hospitalization
Frederick,463.4,All races (aggregated),2016,Alzheimers Hospitalization
Garrett,343,All races (aggregated),2016,Alzheimers Hospitalization
Harford,520.1,All races (aggregated),2016,Alzheimers Hospitalization
Howard,489.7,All races (aggregated),2016,Alzheimers Hospitalization
Kent,441.7,All races (aggregated),2016,Alzheimers Hospitalization
Montgomery,379.3,All races (aggregated),2016,Alzheimers Hospitalization
Prince George's,576.2,All races (aggregated),2016,Alzheimers Hospitalization
Queen Anne's,368.6,All races (aggregated),2016,Alzheimers Hospitalization
Saint Mary's,606.1,All races (aggregated),2016,Alzheimers Hospitalization
Somerset,316.6,All races (aggregated),2016,Alzheimers Hospitalization
Talbot,305.1,All races (aggregated),2016,Alzheimers Hospitalization
Washington,477.5,All races (aggregated),2016,Alzheimers Hospitalization
Wicomico,438.8,All races (aggregated),2016,Alzheimers Hospitalization
Worcester,362.4,All races (aggregated),2016,Alzheimers Hospitalization
State,735.6,Black,2016,Alzheimers Hospitalization
Allegany,,Black,2016,Alzheimers Hospitalization
Anne Arundel,742.6,Black,2016,Alzheimers Hospitalization
Baltimore City,824.8,Black,2016,Alzheimers Hospitalization
Baltimore County,971.5,Black,2016,Alzheimers Hospitalization
Calvert,671,Black,2016,Alzheimers Hospitalization
Caroline,,Black,2016,Alzheimers Hospitalization
Carroll,,Black,2016,Alzheimers Hospitalization
Cecil,,Black,2016,Alzheimers Hospitalization
Charles,582.6,Black,2016,Alzheimers Hospitalization
Dorchester,767.8,Black,2016,Alzheimers Hospitalization
Frederick,715.2,Black,2016,Alzheimers Hospitalization
Garrett,,Black,2016,Alzheimers Hospitalization
Harford,792.7,Black,2016,Alzheimers Hospitalization
Howard,813.5,Black,2016,Alzheimers Hospitalization
Kent,,Black,2016,Alzheimers Hospitalization
Montgomery,615.5,Black,2016,Alzheimers Hospitalization
Prince George's,652.5,Black,2016,Alzheimers Hospitalization
Queen Anne's,,Black,2016,Alzheimers Hospitalization
Saint Mary's,997.2,Black,2016,Alzheimers Hospitalization
Somerset,,Black,2016,Alzheimers Hospitalization
Talbot,,Black,2016,Alzheimers Hospitalization
Washington,,Black,2016,Alzheimers Hospitalization
Wicomico,478.7,Black,2016,Alzheimers Hospitalization
Worcester,799.7,Black,2016,Alzheimers Hospitalization
State,315.2,Hispanic,2016,Alzheimers Hospitalization
Allegany,,Hispanic,2016,Alzheimers Hospitalization
Anne Arundel,,Hispanic,2016,Alzheimers Hospitalization
Baltimore City,,Hispanic,2016,Alzheimers Hospitalization
Baltimore County,,Hispanic,2016,Alzheimers Hospitalization
Calvert,,Hispanic,2016,Alzheimers Hospitalization
Caroline,,Hispanic,2016,Alzheimers Hospitalization
Carroll,,Hispanic,2016,Alzheimers Hospitalization
Cecil,,Hispanic,2016,Alzheimers Hospitalization
Charles,,Hispanic,2016,Alzheimers Hospitalization
Dorchester,,Hispanic,2016,Alzheimers Hospitalization
Frederick,,Hispanic,2016,Alzheimers Hospitalization
Garrett,,Hispanic,2016,Alzheimers Hospitalization
Harford,,Hispanic,2016,Alzheimers Hospitalization
Howard,,Hispanic,2016,Alzheimers Hospitalization
Kent,,Hispanic,2016,Alzheimers Hospitalization
Montgomery,306,Hispanic,2016,Alzheimers Hospitalization
Prince George's,275.1,Hispanic,2016,Alzheimers Hospitalization
Queen Anne's,,Hispanic,2016,Alzheimers Hospitalization
Saint Mary's,,Hispanic,2016,Alzheimers Hospitalization
Somerset,,Hispanic,2016,Alzheimers Hospitalization
Talbot,,Hispanic,2016,Alzheimers Hospitalization
Washington,,Hispanic,2016,Alzheimers Hospitalization
Wicomico,,Hispanic,2016,Alzheimers Hospitalization
Worcester,,Hispanic,2016,Alzheimers Hospitalization
State,459.8,White,2016,Alzheimers Hospitalization
Allegany,726.9,White,2016,Alzheimers Hospitalization
Anne Arundel,501.5,White,2016,Alzheimers Hospitalization
Baltimore City,837.4,White,2016,Alzheimers Hospitalization
Baltimore County,526.6,White,2016,Alzheimers Hospitalization
Calvert,425.6,White,2016,Alzheimers Hospitalization
Caroline,477.9,White,2016,Alzheimers Hospitalization
Carroll,472.9,White,2016,Alzheimers Hospitalization
Cecil,492.7,White,2016,Alzheimers Hospitalization
Charles,345.6,White,2016,Alzheimers Hospitalization
Dorchester,353.6,White,2016,Alzheimers Hospitalization
Frederick,441.7,White,2016,Alzheimers Hospitalization
Garrett,345.5,White,2016,Alzheimers Hospitalization
Harford,501,White,2016,Alzheimers Hospitalization
Howard,429.7,White,2016,Alzheimers Hospitalization
Kent,423.7,White,2016,Alzheimers Hospitalization
Montgomery,321.7,White,2016,Alzheimers Hospitalization
Prince George's,415.5,White,2016,Alzheimers Hospitalization
Queen Anne's,344.2,White,2016,Alzheimers Hospitalization
Saint Mary's,550.2,White,2016,Alzheimers Hospitalization
Somerset,287.9,White,2016,Alzheimers Hospitalization
Talbot,291.2,White,2016,Alzheimers Hospitalization
Washington,466.4,White,2016,Alzheimers Hospitalization
Wicomico,423.8,White,2016,Alzheimers Hospitalization
Worcester,314,White,2016,Alzheimers Hospitalization
State,229.2,Asian/ Pacific Islander,2016,Alzheimers Hospitalization
Allegany,,Asian/ Pacific Islander,2016,Alzheimers Hospitalization
Anne Arundel,,Asian/ Pacific Islander,2016,Alzheimers Hospitalization
Baltimore City,,Asian/ Pacific Islander,2016,Alzheimers Hospitalization
Baltimore County,223.5,Asian/ Pacific Islander,2016,Alzheimers Hospitalization
Calvert,,Asian/ Pacific Islander,2016,Alzheimers Hospitalization
Caroline,,Asian/ Pacific Islander,2016,Alzheimers Hospitalization
Carroll,,Asian/ Pacific Islander,2016,Alzheimers Hospitalization
Cecil,,Asian/ Pacific Islander,2016,Alzheimers Hospitalization
Charles,,Asian/ Pacific Islander,2016,Alzheimers Hospitalization
Dorchester,,Asian/ Pacific Islander,2016,Alzheimers Hospitalization
Frederick,,Asian/ Pacific Islander,2016,Alzheimers Hospitalization
Garrett,,Asian/ Pacific Islander,2016,Alzheimers Hospitalization
Harford,,Asian/ Pacific Islander,2016,Alzheimers Hospitalization
Howard,299.4,Asian/ Pacific Islander,2016,Alzheimers Hospitalization
Kent,,Asian/ Pacific Islander,2016,Alzheimers Hospitalization
Montgomery,236.3,Asian/ Pacific Islander,2016,Alzheimers Hospitalization
Prince George's,,Asian/ Pacific Islander,2016,Alzheimers Hospitalization
Queen Anne's,,Asian/ Pacific Islander,2016,Alzheimers Hospitalization
Saint Mary's,,Asian/ Pacific Islander,2016,Alzheimers Hospitalization
Somerset,,Asian/ Pacific Islander,2016,Alzheimers Hospitalization
Talbot,,Asian/ Pacific Islander,2016,Alzheimers Hospitalization
Washington,,Asian/ Pacific Islander,2016,Alzheimers Hospitalization
Wicomico,,Asian/ Pacific Islander,2016,Alzheimers Hospitalization
Worcester,,Asian/ Pacific Islander,2016,Alzheimers Hospitalization
State,249.2,All races (aggregated),2015,Alzheimers Hospitalization
Allegany,388.3,All races (aggregated),2015,Alzheimers Hospitalization
Anne Arundel,252.4,All races (aggregated),2015,Alzheimers Hospitalization
Baltimore City,393.6,All races (aggregated),2015,Alzheimers Hospitalization
Baltimore County,270,All races (aggregated),2015,Alzheimers Hospitalization
Calvert,223.9,All races (aggregated),2015,Alzheimers Hospitalization
Caroline,231.5,All races (aggregated),2015,Alzheimers Hospitalization
Carroll,306.6,All races (aggregated),2015,Alzheimers Hospitalization
Cecil,245.9,All races (aggregated),2015,Alzheimers Hospitalization
Charles,167.8,All races (aggregated),2015,Alzheimers Hospitalization
Dorchester,196.7,All races (aggregated),2015,Alzheimers Hospitalization
Frederick,243.7,All races (aggregated),2015,Alzheimers Hospitalization
Garrett,196.9,All races (aggregated),2015,Alzheimers Hospitalization
Harford,227.3,All races (aggregated),2015,Alzheimers Hospitalization
Howard,262.5,All races (aggregated),2015,Alzheimers Hospitalization
Kent,249.3,All races (aggregated),2015,Alzheimers Hospitalization
Montgomery,185,All races (aggregated),2015,Alzheimers Hospitalization
Prince George's,240.3,All races (aggregated),2015,Alzheimers Hospitalization
Queen Anne's,143.3,All races (aggregated),2015,Alzheimers Hospitalization
Saint Mary's,288.4,All races (aggregated),2015,Alzheimers Hospitalization
Somerset,194.4,All races (aggregated),2015,Alzheimers Hospitalization
Talbot,136.7,All races (aggregated),2015,Alzheimers Hospitalization
Washington,236.4,All races (aggregated),2015,Alzheimers Hospitalization
Wicomico,194.5,All races (aggregated),2015,Alzheimers Hospitalization
Worcester,129.2,All races (aggregated),2015,Alzheimers Hospitalization
State,329,Black,2015,Alzheimers Hospitalization
Allegany,,Black,2015,Alzheimers Hospitalization
Anne Arundel,375.5,Black,2015,Alzheimers Hospitalization
Baltimore City,380.5,Black,2015,Alzheimers Hospitalization
Baltimore County,410.2,Black,2015,Alzheimers Hospitalization
Calvert,,Black,2015,Alzheimers Hospitalization
Caroline,,Black,2015,Alzheimers Hospitalization
Carroll,,Black,2015,Alzheimers Hospitalization
Cecil,,Black,2015,Alzheimers Hospitalization
Charles,204.8,Black,2015,Alzheimers Hospitalization
Dorchester,,Black,2015,Alzheimers Hospitalization
Frederick,,Black,2015,Alzheimers Hospitalization
Garrett,,Black,2015,Alzheimers Hospitalization
Harford,393.6,Black,2015,Alzheimers Hospitalization
Howard,422.7,Black,2015,Alzheimers Hospitalization
Kent,,Black,2015,Alzheimers Hospitalization
Montgomery,279.5,Black,2015,Alzheimers Hospitalization
Prince George's,273.5,Black,2015,Alzheimers Hospitalization
Queen Anne's,,Black,2015,Alzheimers Hospitalization
Saint Mary's,493.9,Black,2015,Alzheimers Hospitalization
Somerset,,Black,2015,Alzheimers Hospitalization
Talbot,,Black,2015,Alzheimers Hospitalization
Washington,,Black,2015,Alzheimers Hospitalization
Wicomico,261.9,Black,2015,Alzheimers Hospitalization
Worcester,,Black,2015,Alzheimers Hospitalization
State,,Hispanic,2015,Alzheimers Hospitalization
Allegany,,Hispanic,2015,Alzheimers Hospitalization
Anne Arundel,,Hispanic,2015,Alzheimers Hospitalization
Baltimore City,,Hispanic,2015,Alzheimers Hospitalization
Baltimore County,,Hispanic,2015,Alzheimers Hospitalization
Calvert,,Hispanic,2015,Alzheimers Hospitalization
Caroline,,Hispanic,2015,Alzheimers Hospitalization
Carroll,,Hispanic,2015,Alzheimers Hospitalization
Cecil,,Hispanic,2015,Alzheimers Hospitalization
Charles,,Hispanic,2015,Alzheimers Hospitalization
Dorchester,,Hispanic,2015,Alzheimers Hospitalization
Frederick,,Hispanic,2015,Alzheimers Hospitalization
Garrett,,Hispanic,2015,Alzheimers Hospitalization
Harford,,Hispanic,2015,Alzheimers Hospitalization
Howard,,Hispanic,2015,Alzheimers Hospitalization
Kent,,Hispanic,2015,Alzheimers Hospitalization
Montgomery,,Hispanic,2015,Alzheimers Hospitalization
Prince George's,,Hispanic,2015,Alzheimers Hospitalization
Queen Anne's,,Hispanic,2015,Alzheimers Hospitalization
Saint Mary's,,Hispanic,2015,Alzheimers Hospitalization
Somerset,,Hispanic,2015,Alzheimers Hospitalization
Talbot,,Hispanic,2015,Alzheimers Hospitalization
Washington,,Hispanic,2015,Alzheimers Hospitalization
Wicomico,,Hispanic,2015,Alzheimers Hospitalization
Worcester,,Hispanic,2015,Alzheimers Hospitalization
State,218.7,White,2015,Alzheimers Hospitalization
Allegany,386.6,White,2015,Alzheimers Hospitalization
Anne Arundel,236.6,White,2015,Alzheimers Hospitalization
Baltimore City,353.5,White,2015,Alzheimers Hospitalization
Baltimore County,232.7,White,2015,Alzheimers Hospitalization
Calvert,203.1,White,2015,Alzheimers Hospitalization
Caroline,202.3,White,2015,Alzheimers Hospitalization
Carroll,302.8,White,2015,Alzheimers Hospitalization
Cecil,232.5,White,2015,Alzheimers Hospitalization
Charles,158.7,White,2015,Alzheimers Hospitalization
Dorchester,169.3,White,2015,Alzheimers Hospitalization
Frederick,232.5,White,2015,Alzheimers Hospitalization
Garrett,198.6,White,2015,Alzheimers Hospitalization
Harford,214.3,White,2015,Alzheimers Hospitalization
Howard,237.6,White,2015,Alzheimers Hospitalization
Kent,206.7,White,2015,Alzheimers Hospitalization
Montgomery,160.1,White,2015,Alzheimers Hospitalization
Prince George's,178.9,White,2015,Alzheimers Hospitalization
Queen Anne's,142.2,White,2015,Alzheimers Hospitalization
Saint Mary's,256.8,White,2015,Alzheimers Hospitalization
Somerset,,White,2015,Alzheimers Hospitalization
Talbot,134.8,White,2015,Alzheimers Hospitalization
Washington,231.9,White,2015,Alzheimers Hospitalization
Wicomico,175.5,White,2015,Alzheimers Hospitalization
Worcester,120.5,White,2015,Alzheimers Hospitalization
State,85.3,Asian/ Pacific Islander,2015,Alzheimers Hospitalization
Allegany,,Asian/ Pacific Islander,2015,Alzheimers Hospitalization
Anne Arundel,,Asian/ Pacific Islander,2015,Alzheimers Hospitalization
Baltimore City,,Asian/ Pacific Islander,2015,Alzheimers Hospitalization
Baltimore County,,Asian/ Pacific Islander,2015,Alzheimers Hospitalization
Calvert,,Asian/ Pacific Islander,2015,Alzheimers Hospitalization
Caroline,,Asian/ Pacific Islander,2015,Alzheimers Hospitalization
Carroll,,Asian/ Pacific Islander,2015,Alzheimers Hospitalization
Cecil,,Asian/ Pacific Islander,2015,Alzheimers Hospitalization
Charles,,Asian/ Pacific Islander,2015,Alzheimers Hospitalization
Dorchester,,Asian/ Pacific Islander,2015,Alzheimers Hospitalization
Frederick,,Asian/ Pacific Islander,2015,Alzheimers Hospitalization
Garrett,,Asian/ Pacific Islander,2015,Alzheimers Hospitalization
Harford,,Asian/ Pacific Islander,2015,Alzheimers Hospitalization
Howard,149.6,Asian/ Pacific Islander,2015,Alzheimers Hospitalization
Kent,,Asian/ Pacific Islander,2015,Alzheimers Hospitalization
Montgomery,84.6,Asian/ Pacific Islander,2015,Alzheimers Hospitalization
Prince George's,,Asian/ Pacific Islander,2015,Alzheimers Hospitalization
Queen Anne's,,Asian/ Pacific Islander,2015,Alzheimers Hospitalization
Saint Mary's,,Asian/ Pacific Islander,2015,Alzheimers Hospitalization
Somerset,,Asian/ Pacific Islander,2015,Alzheimers Hospitalization
Talbot,,Asian/ Pacific Islander,2015,Alzheimers Hospitalization
Washington,,Asian/ Pacific Islander,2015,Alzheimers Hospitalization
Wicomico,,Asian/ Pacific Islander,2015,Alzheimers Hospitalization
Worcester,,Asian/ Pacific Islander,2015,Alzheimers Hospitalization
State,194.1,All races (aggregated),2014,Alzheimers Hospitalization
Allegany,352.6,All races (aggregated),2014,Alzheimers Hospitalization
Anne Arundel,189.1,All races (aggregated),2014,Alzheimers Hospitalization
Baltimore City,309.2,All races (aggregated),2014,Alzheimers Hospitalization
Baltimore County,202.8,All races (aggregated),2014,Alzheimers Hospitalization
Calvert,162.4,All races (aggregated),2014,Alzheimers Hospitalization
Caroline,,All races (aggregated),2014,Alzheimers Hospitalization
Carroll,257.1,All races (aggregated),2014,Alzheimers Hospitalization
Cecil,136.5,All races (aggregated),2014,Alzheimers Hospitalization
Charles,178.9,All races (aggregated),2014,Alzheimers Hospitalization
Dorchester,153,All races (aggregated),2014,Alzheimers Hospitalization
Frederick,166.3,All races (aggregated),2014,Alzheimers Hospitalization
Garrett,157.4,All races (aggregated),2014,Alzheimers Hospitalization
Harford,177.7,All races (aggregated),2014,Alzheimers Hospitalization
Howard,183.2,All races (aggregated),2014,Alzheimers Hospitalization
Kent,236.2,All races (aggregated),2014,Alzheimers Hospitalization
Montgomery,142.7,All races (aggregated),2014,Alzheimers Hospitalization
Prince George's,204.8,All races (aggregated),2014,Alzheimers Hospitalization
Queen Anne's,132.5,All races (aggregated),2014,Alzheimers Hospitalization
Saint Mary's,241.7,All races (aggregated),2014,Alzheimers Hospitalization
Somerset,228.7,All races (aggregated),2014,Alzheimers Hospitalization
Talbot,99.7,All races (aggregated),2014,Alzheimers Hospitalization
Washington,159.6,All races (aggregated),2014,Alzheimers Hospitalization
Wicomico,146.9,All races (aggregated),2014,Alzheimers Hospitalization
Worcester,146.1,All races (aggregated),2014,Alzheimers Hospitalization
State,215.3,Black,2014,Alzheimers Hospitalization
Allegany,,Black,2014,Alzheimers Hospitalization
Anne Arundel,261.3,Black,2014,Alzheimers Hospitalization
Baltimore City,179.2,Black,2014,Alzheimers Hospitalization
Baltimore County,229.8,Black,2014,Alzheimers Hospitalization
Calvert,,Black,2014,Alzheimers Hospitalization
Caroline,,Black,2014,Alzheimers Hospitalization
Carroll,,Black,2014,Alzheimers Hospitalization
Cecil,,Black,2014,Alzheimers Hospitalization
Charles,212.8,Black,2014,Alzheimers Hospitalization
Dorchester,,Black,2014,Alzheimers Hospitalization
Frederick,,Black,2014,Alzheimers Hospitalization
Garrett,,Black,2014,Alzheimers Hospitalization
Harford,,Black,2014,Alzheimers Hospitalization
Howard,262.3,Black,2014,Alzheimers Hospitalization
Kent,,Black,2014,Alzheimers Hospitalization
Montgomery,187.5,Black,2014,Alzheimers Hospitalization
Prince George's,243.7,Black,2014,Alzheimers Hospitalization
Queen Anne's,,Black,2014,Alzheimers Hospitalization
Saint Mary's,,Black,2014,Alzheimers Hospitalization
Somerset,,Black,2014,Alzheimers Hospitalization
Talbot,,Black,2014,Alzheimers Hospitalization
Washington,,Black,2014,Alzheimers Hospitalization
Wicomico,,Black,2014,Alzheimers Hospitalization
Worcester,,Black,2014,Alzheimers Hospitalization
State,97.1,Hispanic,2014,Alzheimers Hospitalization
Allegany,,Hispanic,2014,Alzheimers Hospitalization
Anne Arundel,,Hispanic,2014,Alzheimers Hospitalization
Baltimore City,,Hispanic,2014,Alzheimers Hospitalization
Baltimore County,,Hispanic,2014,Alzheimers Hospitalization
Calvert,,Hispanic,2014,Alzheimers Hospitalization
Caroline,,Hispanic,2014,Alzheimers Hospitalization
Carroll,,Hispanic,2014,Alzheimers Hospitalization
Cecil,,Hispanic,2014,Alzheimers Hospitalization
Charles,,Hispanic,2014,Alzheimers Hospitalization
Dorchester,,Hispanic,2014,Alzheimers Hospitalization
Frederick,,Hispanic,2014,Alzheimers Hospitalization
Garrett,,Hispanic,2014,Alzheimers Hospitalization
Harford,,Hispanic,2014,Alzheimers Hospitalization
Howard,,Hispanic,2014,Alzheimers Hospitalization
Kent,,Hispanic,2014,Alzheimers Hospitalization
Montgomery,99.9,Hispanic,2014,Alzheimers Hospitalization
Prince George's,,Hispanic,2014,Alzheimers Hospitalization
Queen Anne's,,Hispanic,2014,Alzheimers Hospitalization
Saint Mary's,,Hispanic,2014,Alzheimers Hospitalization
Somerset,,Hispanic,2014,Alzheimers Hospitalization
Talbot,,Hispanic,2014,Alzheimers Hospitalization
Washington,,Hispanic,2014,Alzheimers Hospitalization
Wicomico,,Hispanic,2014,Alzheimers Hospitalization
Worcester,,Hispanic,2014,Alzheimers Hospitalization
State,147.8,White,2014,Alzheimers Hospitalization
Allegany,344.5,White,2014,Alzheimers Hospitalization
Anne Arundel,158.1,White,2014,Alzheimers Hospitalization
Baltimore City,173.3,White,2014,Alzheimers Hospitalization
Baltimore County,112.8,White,2014,Alzheimers Hospitalization
Calvert,150.8,White,2014,Alzheimers Hospitalization
Caroline,,White,2014,Alzheimers Hospitalization
Carroll,251.3,White,2014,Alzheimers Hospitalization
Cecil,133.5,White,2014,Alzheimers Hospitalization
Charles,169,White,2014,Alzheimers Hospitalization
Dorchester,136.3,White,2014,Alzheimers Hospitalization
Frederick,157.9,White,2014,Alzheimers Hospitalization
Garrett,156.2,White,2014,Alzheimers Hospitalization
Harford,170.9,White,2014,Alzheimers Hospitalization
Howard,162,White,2014,Alzheimers Hospitalization
Kent,226.3,White,2014,Alzheimers Hospitalization
Montgomery,108.6,White,2014,Alzheimers Hospitalization
Prince George's,165,White,2014,Alzheimers Hospitalization
Queen Anne's,120.7,White,2014,Alzheimers Hospitalization
Saint Mary's,225.5,White,2014,Alzheimers Hospitalization
Somerset,,White,2014,Alzheimers Hospitalization
Talbot,98.2,White,2014,Alzheimers Hospitalization
Washington,151.2,White,2014,Alzheimers Hospitalization
Wicomico,138.9,White,2014,Alzheimers Hospitalization
Worcester,126.8,White,2014,Alzheimers Hospitalization
State,68.3,Asian/ Pacific Islander,2014,Alzheimers Hospitalization
Allegany,,Asian/ Pacific Islander,2014,Alzheimers Hospitalization
Anne Arundel,,Asian/ Pacific Islander,2014,Alzheimers Hospitalization
Baltimore City,,Asian/ Pacific Islander,2014,Alzheimers Hospitalization
Baltimore County,,Asian/ Pacific Islander,2014,Alzheimers Hospitalization
Calvert,,Asian/ Pacific Islander,2014,Alzheimers Hospitalization
Caroline,,Asian/ Pacific Islander,2014,Alzheimers Hospitalization
Carroll,,Asian/ Pacific Islander,2014,Alzheimers Hospitalization
Cecil,,Asian/ Pacific Islander,2014,Alzheimers Hospitalization
Charles,,Asian/ Pacific Islander,2014,Alzheimers Hospitalization
Dorchester,,Asian/ Pacific Islander,2014,Alzheimers Hospitalization
Frederick,,Asian/ Pacific Islander,2014,Alzheimers Hospitalization
Garrett,,Asian/ Pacific Islander,2014,Alzheimers Hospitalization
Harford,,Asian/ Pacific Islander,2014,Alzheimers Hospitalization
Howard,,Asian/ Pacific Islander,2014,Alzheimers Hospitalization
Kent,,Asian/ Pacific Islander,2014,Alzheimers Hospitalization
Montgomery,76.7,Asian/ Pacific Islander,2014,Alzheimers Hospitalization
Prince George's,,Asian/ Pacific Islander,2014,Alzheimers Hospitalization
Queen Anne's,,Asian/ Pacific Islander,2014,Alzheimers Hospitalization
Saint Mary's,,Asian/ Pacific Islander,2014,Alzheimers Hospitalization
Somerset,,Asian/ Pacific Islander,2014,Alzheimers Hospitalization
Talbot,,Asian/ Pacific Islander,2014,Alzheimers Hospitalization
Washington,,Asian/ Pacific Islander,2014,Alzheimers Hospitalization
Wicomico,,Asian/ Pacific Islander,2014,Alzheimers Hospitalization
Worcester,,Asian/ Pacific Islander,2014,Alzheimers Hospitalization
State,221.6,All races (aggregated),2013,Alzheimers Hospitalization
Allegany,360.1,All races (aggregated),2013,Alzheimers Hospitalization
Anne Arundel,197,All races (aggregated),2013,Alzheimers Hospitalization
Baltimore City,350,All races (aggregated),2013,Alzheimers Hospitalization
Baltimore County,218,All races (aggregated),2013,Alzheimers Hospitalization
Calvert,171.7,All races (aggregated),2013,Alzheimers Hospitalization
Caroline,178.4,All races (aggregated),2013,Alzheimers Hospitalization
Carroll,271.9,All races (aggregated),2013,Alzheimers Hospitalization
Cecil,199.3,All races (aggregated),2013,Alzheimers Hospitalization
Charles,276.6,All races (aggregated),2013,Alzheimers Hospitalization
Dorchester,167.7,All races (aggregated),2013,Alzheimers Hospitalization
Frederick,193.1,All races (aggregated),2013,Alzheimers Hospitalization
Garrett,200.2,All races (aggregated),2013,Alzheimers Hospitalization
Harford,195.3,All races (aggregated),2013,Alzheimers Hospitalization
Howard,232,All races (aggregated),2013,Alzheimers Hospitalization
Kent,285.3,All races (aggregated),2013,Alzheimers Hospitalization
Montgomery,153.1,All races (aggregated),2013,Alzheimers Hospitalization
Prince George's,254,All races (aggregated),2013,Alzheimers Hospitalization
Queen Anne's,126.6,All races (aggregated),2013,Alzheimers Hospitalization
Saint Mary's,317.7,All races (aggregated),2013,Alzheimers Hospitalization
Somerset,204.2,All races (aggregated),2013,Alzheimers Hospitalization
Talbot,123.5,All races (aggregated),2013,Alzheimers Hospitalization
Washington,181.6,All races (aggregated),2013,Alzheimers Hospitalization
Wicomico,216.8,All races (aggregated),2013,Alzheimers Hospitalization
Worcester,253.5,All races (aggregated),2013,Alzheimers Hospitalization
State,280.7,Black,2013,Alzheimers Hospitalization
Allegany,,Black,2013,Alzheimers Hospitalization
Anne Arundel,260.8,Black,2013,Alzheimers Hospitalization
Baltimore City,291.9,Black,2013,Alzheimers Hospitalization
Baltimore County,325.4,Black,2013,Alzheimers Hospitalization
Calvert,,Black,2013,Alzheimers Hospitalization
Caroline,,Black,2013,Alzheimers Hospitalization
Carroll,,Black,2013,Alzheimers Hospitalization
Cecil,,Black,2013,Alzheimers Hospitalization
Charles,329.8,Black,2013,Alzheimers Hospitalization
Dorchester,,Black,2013,Alzheimers Hospitalization
Frederick,,Black,2013,Alzheimers Hospitalization
Garrett,,Black,2013,Alzheimers Hospitalization
Harford,,Black,2013,Alzheimers Hospitalization
Howard,316,Black,2013,Alzheimers Hospitalization
Kent,,Black,2013,Alzheimers Hospitalization
Montgomery,185,Black,2013,Alzheimers Hospitalization
Prince George's,296.1,Black,2013,Alzheimers Hospitalization
Queen Anne's,,Black,2013,Alzheimers Hospitalization
Saint Mary's,502.9,Black,2013,Alzheimers Hospitalization
Somerset,,Black,2013,Alzheimers Hospitalization
Talbot,,Black,2013,Alzheimers Hospitalization
Washington,,Black,2013,Alzheimers Hospitalization
Wicomico,285.1,Black,2013,Alzheimers Hospitalization
Worcester,,Black,2013,Alzheimers Hospitalization
State,114,Hispanic,2013,Alzheimers Hospitalization
Allegany,,Hispanic,2013,Alzheimers Hospitalization
Anne Arundel,,Hispanic,2013,Alzheimers Hospitalization
Baltimore City,,Hispanic,2013,Alzheimers Hospitalization
Baltimore County,,Hispanic,2013,Alzheimers Hospitalization
Calvert,,Hispanic,2013,Alzheimers Hospitalization
Caroline,,Hispanic,2013,Alzheimers Hospitalization
Carroll,,Hispanic,2013,Alzheimers Hospitalization
Cecil,,Hispanic,2013,Alzheimers Hospitalization
Charles,,Hispanic,2013,Alzheimers Hospitalization
Dorchester,,Hispanic,2013,Alzheimers Hospitalization
Frederick,,Hispanic,2013,Alzheimers Hospitalization
Garrett,,Hispanic,2013,Alzheimers Hospitalization
Harford,,Hispanic,2013,Alzheimers Hospitalization
Howard,,Hispanic,2013,Alzheimers Hospitalization
Kent,,Hispanic,2013,Alzheimers Hospitalization
Montgomery,73.6,Hispanic,2013,Alzheimers Hospitalization
Prince George's,,Hispanic,2013,Alzheimers Hospitalization
Queen Anne's,,Hispanic,2013,Alzheimers Hospitalization
Saint Mary's,,Hispanic,2013,Alzheimers Hospitalization
Somerset,,Hispanic,2013,Alzheimers Hospitalization
Talbot,,Hispanic,2013,Alzheimers Hospitalization
Washington,,Hispanic,2013,Alzheimers Hospitalization
Wicomico,,Hispanic,2013,Alzheimers Hospitalization
Worcester,,Hispanic,2013,Alzheimers Hospitalization
State,171.1,White,2013,Alzheimers Hospitalization
Allegany,352.5,White,2013,Alzheimers Hospitalization
Anne Arundel,176.4,White,2013,Alzheimers Hospitalization
Baltimore City,254.8,White,2013,Alzheimers Hospitalization
Baltimore County,153,White,2013,Alzheimers Hospitalization
Calvert,119.2,White,2013,Alzheimers Hospitalization
Caroline,,White,2013,Alzheimers Hospitalization
Carroll,264.9,White,2013,Alzheimers Hospitalization
Cecil,161.5,White,2013,Alzheimers Hospitalization
Charles,259.5,White,2013,Alzheimers Hospitalization
Dorchester,135.9,White,2013,Alzheimers Hospitalization
Frederick,185.8,White,2013,Alzheimers Hospitalization
Garrett,163.3,White,2013,Alzheimers Hospitalization
Harford,110.6,White,2013,Alzheimers Hospitalization
Howard,209.5,White,2013,Alzheimers Hospitalization
Kent,291,White,2013,Alzheimers Hospitalization
Montgomery,113.7,White,2013,Alzheimers Hospitalization
Prince George's,181.5,White,2013,Alzheimers Hospitalization
Queen Anne's,118.7,White,2013,Alzheimers Hospitalization
Saint Mary's,273.5,White,2013,Alzheimers Hospitalization
Somerset,,White,2013,Alzheimers Hospitalization
Talbot,119.1,White,2013,Alzheimers Hospitalization
Washington,175.4,White,2013,Alzheimers Hospitalization
Wicomico,193.9,White,2013,Alzheimers Hospitalization
Worcester,233.4,White,2013,Alzheimers Hospitalization
State,66.3,Asian/ Pacific Islander,2013,Alzheimers Hospitalization
Allegany,,Asian/ Pacific Islander,2013,Alzheimers Hospitalization
Anne Arundel,,Asian/ Pacific Islander,2013,Alzheimers Hospitalization
Baltimore City,,Asian/ Pacific Islander,2013,Alzheimers Hospitalization
Baltimore County,,Asian/ Pacific Islander,2013,Alzheimers Hospitalization
Calvert,,Asian/ Pacific Islander,2013,Alzheimers Hospitalization
Caroline,,Asian/ Pacific Islander,2013,Alzheimers Hospitalization
Carroll,,Asian/ Pacific Islander,2013,Alzheimers Hospitalization
Cecil,,Asian/ Pacific Islander,2013,Alzheimers Hospitalization
Charles,,Asian/ Pacific Islander,2013,Alzheimers Hospitalization
Dorchester,,Asian/ Pacific Islander,2013,Alzheimers Hospitalization
Frederick,,Asian/ Pacific Islander,2013,Alzheimers Hospitalization
Garrett,,Asian/ Pacific Islander,2013,Alzheimers Hospitalization
Harford,,Asian/ Pacific Islander,2013,Alzheimers Hospitalization
Howard,,Asian/ Pacific Islander,2013,Alzheimers Hospitalization
Kent,,Asian/ Pacific Islander,2013,Alzheimers Hospitalization
Montgomery,69.8,Asian/ Pacific Islander,2013,Alzheimers Hospitalization
Prince George's,,Asian/ Pacific Islander,2013,Alzheimers Hospitalization
Queen Anne's,,Asian/ Pacific Islander,2013,Alzheimers Hospitalization
Saint Mary's,,Asian/ Pacific Islander,2013,Alzheimers Hospitalization
Somerset,,Asian/ Pacific Islander,2013,Alzheimers Hospitalization
Talbot,,Asian/ Pacific Islander,2013,Alzheimers Hospitalization
Washington,,Asian/ Pacific Islander,2013,Alzheimers Hospitalization
Wicomico,,Asian/ Pacific Islander,2013,Alzheimers Hospitalization
Worcester,,Asian/ Pacific Islander,2013,Alzheimers Hospitalization
State,247.6,All races (aggregated),2012,Alzheimers Hospitalization
Allegany,379,All races (aggregated),2012,Alzheimers Hospitalization
Anne Arundel,233.3,All races (aggregated),2012,Alzheimers Hospitalization
Baltimore City,376.6,All races (aggregated),2012,Alzheimers Hospitalization
Baltimore County,226.7,All races (aggregated),2012,Alzheimers Hospitalization
Calvert,244.8,All races (aggregated),2012,Alzheimers Hospitalization
Caroline,238.2,All races (aggregated),2012,Alzheimers Hospitalization
Carroll,299.2,All races (aggregated),2012,Alzheimers Hospitalization
Cecil,204.2,All races (aggregated),2012,Alzheimers Hospitalization
Charles,277.2,All races (aggregated),2012,Alzheimers Hospitalization
Dorchester,155.9,All races (aggregated),2012,Alzheimers Hospitalization
Frederick,242.9,All races (aggregated),2012,Alzheimers Hospitalization
Garrett,188.4,All races (aggregated),2012,Alzheimers Hospitalization
Harford,185.8,All races (aggregated),2012,Alzheimers Hospitalization
Howard,265.6,All races (aggregated),2012,Alzheimers Hospitalization
Kent,312,All races (aggregated),2012,Alzheimers Hospitalization
Montgomery,182.8,All races (aggregated),2012,Alzheimers Hospitalization
Prince George's,311.2,All races (aggregated),2012,Alzheimers Hospitalization
Queen Anne's,206.9,All races (aggregated),2012,Alzheimers Hospitalization
Saint Mary's,291.7,All races (aggregated),2012,Alzheimers Hospitalization
Somerset,295.3,All races (aggregated),2012,Alzheimers Hospitalization
Talbot,154,All races (aggregated),2012,Alzheimers Hospitalization
Washington,192.1,All races (aggregated),2012,Alzheimers Hospitalization
Wicomico,286.2,All races (aggregated),2012,Alzheimers Hospitalization
Worcester,187.4,All races (aggregated),2012,Alzheimers Hospitalization
State,351.9,Black,2012,Alzheimers Hospitalization
Allegany,,Black,2012,Alzheimers Hospitalization
Anne Arundel,317.1,Black,2012,Alzheimers Hospitalization
Baltimore City,400.1,Black,2012,Alzheimers Hospitalization
Baltimore County,500.6,Black,2012,Alzheimers Hospitalization
Calvert,,Black,2012,Alzheimers Hospitalization
Caroline,,Black,2012,Alzheimers Hospitalization
Carroll,,Black,2012,Alzheimers Hospitalization
Cecil,,Black,2012,Alzheimers Hospitalization
Charles,327.5,Black,2012,Alzheimers Hospitalization
Dorchester,,Black,2012,Alzheimers Hospitalization
Frederick,,Black,2012,Alzheimers Hospitalization
Garrett,,Black,2012,Alzheimers Hospitalization
Harford,,Black,2012,Alzheimers Hospitalization
Howard,317.6,Black,2012,Alzheimers Hospitalization
Kent,,Black,2012,Alzheimers Hospitalization
Montgomery,168.6,Black,2012,Alzheimers Hospitalization
Prince George's,370.9,Black,2012,Alzheimers Hospitalization
Queen Anne's,,Black,2012,Alzheimers Hospitalization
Saint Mary's,,Black,2012,Alzheimers Hospitalization
Somerset,,Black,2012,Alzheimers Hospitalization
Talbot,,Black,2012,Alzheimers Hospitalization
Washington,,Black,2012,Alzheimers Hospitalization
Wicomico,346.7,Black,2012,Alzheimers Hospitalization
Worcester,,Black,2012,Alzheimers Hospitalization
State,180.4,Hispanic,2012,Alzheimers Hospitalization
Allegany,,Hispanic,2012,Alzheimers Hospitalization
Anne Arundel,,Hispanic,2012,Alzheimers Hospitalization
Baltimore City,,Hispanic,2012,Alzheimers Hospitalization
Baltimore County,,Hispanic,2012,Alzheimers Hospitalization
Calvert,,Hispanic,2012,Alzheimers Hospitalization
Caroline,,Hispanic,2012,Alzheimers Hospitalization
Carroll,,Hispanic,2012,Alzheimers Hospitalization
Cecil,,Hispanic,2012,Alzheimers Hospitalization
Charles,,Hispanic,2012,Alzheimers Hospitalization
Dorchester,,Hispanic,2012,Alzheimers Hospitalization
Frederick,,Hispanic,2012,Alzheimers Hospitalization
Garrett,,Hispanic,2012,Alzheimers Hospitalization
Harford,,Hispanic,2012,Alzheimers Hospitalization
Howard,,Hispanic,2012,Alzheimers Hospitalization
Kent,,Hispanic,2012,Alzheimers Hospitalization
Montgomery,85.1,Hispanic,2012,Alzheimers Hospitalization
Prince George's,,Hispanic,2012,Alzheimers Hospitalization
Queen Anne's,,Hispanic,2012,Alzheimers Hospitalization
Saint Mary's,,Hispanic,2012,Alzheimers Hospitalization
Somerset,,Hispanic,2012,Alzheimers Hospitalization
Talbot,,Hispanic,2012,Alzheimers Hospitalization
Washington,,Hispanic,2012,Alzheimers Hospitalization
Wicomico,,Hispanic,2012,Alzheimers Hospitalization
Worcester,,Hispanic,2012,Alzheimers Hospitalization
State,188,White,2012,Alzheimers Hospitalization
Allegany,370.6,White,2012,Alzheimers Hospitalization
Anne Arundel,217.7,White,2012,Alzheimers Hospitalization
Baltimore City,334.7,White,2012,Alzheimers Hospitalization
Baltimore County,185.5,White,2012,Alzheimers Hospitalization
Calvert,,White,2012,Alzheimers Hospitalization
Caroline,164.9,White,2012,Alzheimers Hospitalization
Carroll,295.8,White,2012,Alzheimers Hospitalization
Cecil,152.8,White,2012,Alzheimers Hospitalization
Charles,250.5,White,2012,Alzheimers Hospitalization
Dorchester,,White,2012,Alzheimers Hospitalization
Frederick,230.8,White,2012,Alzheimers Hospitalization
Garrett,190.3,White,2012,Alzheimers Hospitalization
Harford,33.4,White,2012,Alzheimers Hospitalization
Howard,257.9,White,2012,Alzheimers Hospitalization
Kent,223.2,White,2012,Alzheimers Hospitalization
Montgomery,115.9,White,2012,Alzheimers Hospitalization
Prince George's,210.7,White,2012,Alzheimers Hospitalization
Queen Anne's,160.8,White,2012,Alzheimers Hospitalization
Saint Mary's,231.8,White,2012,Alzheimers Hospitalization
Somerset,,White,2012,Alzheimers Hospitalization
Talbot,102.8,White,2012,Alzheimers Hospitalization
Washington,183.5,White,2012,Alzheimers Hospitalization
Wicomico,260.2,White,2012,Alzheimers Hospitalization
Worcester,168.1,White,2012,Alzheimers Hospitalization
State,69.8,Asian/ Pacific Islander,2012,Alzheimers Hospitalization
Allegany,,Asian/ Pacific Islander,2012,Alzheimers Hospitalization
Anne Arundel,,Asian/ Pacific Islander,2012,Alzheimers Hospitalization
Baltimore City,,Asian/ Pacific Islander,2012,Alzheimers Hospitalization
Baltimore County,,Asian/ Pacific Islander,2012,Alzheimers Hospitalization
Calvert,,Asian/ Pacific Islander,2012,Alzheimers Hospitalization
Caroline,,Asian/ Pacific Islander,2012,Alzheimers Hospitalization
Carroll,,Asian/ Pacific Islander,2012,Alzheimers Hospitalization
Cecil,,Asian/ Pacific Islander,2012,Alzheimers Hospitalization
Charles,,Asian/ Pacific Islander,2012,Alzheimers Hospitalization
Dorchester,,Asian/ Pacific Islander,2012,Alzheimers Hospitalization
Frederick,,Asian/ Pacific Islander,2012,Alzheimers Hospitalization
Garrett,,Asian/ Pacific Islander,2012,Alzheimers Hospitalization
Harford,,Asian/ Pacific Islander,2012,Alzheimers Hospitalization
Howard,,Asian/ Pacific Islander,2012,Alzheimers Hospitalization
Kent,,Asian/ Pacific Islander,2012,Alzheimers Hospitalization
Montgomery,63.8,Asian/ Pacific Islander,2012,Alzheimers Hospitalization
Prince George's,,Asian/ Pacific Islander,2012,Alzheimers Hospitalization
Queen Anne's,,Asian/ Pacific Islander,2012,Alzheimers Hospitalization
Saint Mary's,,Asian/ Pacific Islander,2012,Alzheimers Hospitalization
Somerset,,Asian/ Pacific Islander,2012,Alzheimers Hospitalization
Talbot,,Asian/ Pacific Islander,2012,Alzheimers Hospitalization
Washington,,Asian/ Pacific Islander,2012,Alzheimers Hospitalization
Wicomico,,Asian/ Pacific Islander,2012,Alzheimers Hospitalization
Worcester,,Asian/ Pacific Islander,2012,Alzheimers Hospitalization
State,267.8,All races (aggregated),2011,Alzheimers Hospitalization
Allegany,499,All races (aggregated),2011,Alzheimers Hospitalization
Anne Arundel,245.4,All races (aggregated),2011,Alzheimers Hospitalization
Baltimore City,404.7,All races (aggregated),2011,Alzheimers Hospitalization
Baltimore County,248.6,All races (aggregated),2011,Alzheimers Hospitalization
Calvert,272.3,All races (aggregated),2011,Alzheimers Hospitalization
Caroline,237.7,All races (aggregated),2011,Alzheimers Hospitalization
Carroll,322.2,All races (aggregated),2011,Alzheimers Hospitalization
Cecil,264.5,All races (aggregated),2011,Alzheimers Hospitalization
Charles,325,All races (aggregated),2011,Alzheimers Hospitalization
Dorchester,202,All races (aggregated),2011,Alzheimers Hospitalization
Frederick,264.1,All races (aggregated),2011,Alzheimers Hospitalization
Garrett,240.9,All races (aggregated),2011,Alzheimers Hospitalization
Harford,267.2,All races (aggregated),2011,Alzheimers Hospitalization
Howard,260,All races (aggregated),2011,Alzheimers Hospitalization
Kent,318.4,All races (aggregated),2011,Alzheimers Hospitalization
Montgomery,181.6,All races (aggregated),2011,Alzheimers Hospitalization
Prince George's,316.8,All races (aggregated),2011,Alzheimers Hospitalization
Queen Anne's,201.5,All races (aggregated),2011,Alzheimers Hospitalization
Saint Mary's,405.9,All races (aggregated),2011,Alzheimers Hospitalization
Somerset,318.6,All races (aggregated),2011,Alzheimers Hospitalization
Talbot,189,All races (aggregated),2011,Alzheimers Hospitalization
Washington,205.9,All races (aggregated),2011,Alzheimers Hospitalization
Wicomico,284.5,All races (aggregated),2011,Alzheimers Hospitalization
Worcester,187,All races (aggregated),2011,Alzheimers Hospitalization
State,369.6,Black,2011,Alzheimers Hospitalization
Allegany,,Black,2011,Alzheimers Hospitalization
Anne Arundel,335,Black,2011,Alzheimers Hospitalization
Baltimore City,447.9,Black,2011,Alzheimers Hospitalization
Baltimore County,453.8,Black,2011,Alzheimers Hospitalization
Calvert,,Black,2011,Alzheimers Hospitalization
Caroline,,Black,2011,Alzheimers Hospitalization
Carroll,,Black,2011,Alzheimers Hospitalization
Cecil,,Black,2011,Alzheimers Hospitalization
Charles,339.2,Black,2011,Alzheimers Hospitalization
Dorchester,,Black,2011,Alzheimers Hospitalization
Frederick,,Black,2011,Alzheimers Hospitalization
Garrett,,Black,2011,Alzheimers Hospitalization
Harford,,Black,2011,Alzheimers Hospitalization
Howard,360.8,Black,2011,Alzheimers Hospitalization
Kent,,Black,2011,Alzheimers Hospitalization
Montgomery,174.4,Black,2011,Alzheimers Hospitalization
Prince George's,365.3,Black,2011,Alzheimers Hospitalization
Queen Anne's,,Black,2011,Alzheimers Hospitalization
Saint Mary's,531.1,Black,2011,Alzheimers Hospitalization
Somerset,,Black,2011,Alzheimers Hospitalization
Talbot,,Black,2011,Alzheimers Hospitalization
Washington,,Black,2011,Alzheimers Hospitalization
Wicomico,283.1,Black,2011,Alzheimers Hospitalization
Worcester,,Black,2011,Alzheimers Hospitalization
State,115.4,Hispanic,2011,Alzheimers Hospitalization
Allegany,,Hispanic,2011,Alzheimers Hospitalization
Anne Arundel,,Hispanic,2011,Alzheimers Hospitalization
Baltimore City,,Hispanic,2011,Alzheimers Hospitalization
Baltimore County,,Hispanic,2011,Alzheimers Hospitalization
Calvert,,Hispanic,2011,Alzheimers Hospitalization
Caroline,,Hispanic,2011,Alzheimers Hospitalization
Carroll,,Hispanic,2011,Alzheimers Hospitalization
Cecil,,Hispanic,2011,Alzheimers Hospitalization
Charles,,Hispanic,2011,Alzheimers Hospitalization
Dorchester,,Hispanic,2011,Alzheimers Hospitalization
Frederick,,Hispanic,2011,Alzheimers Hospitalization
Garrett,,Hispanic,2011,Alzheimers Hospitalization
Harford,,Hispanic,2011,Alzheimers Hospitalization
Howard,,Hispanic,2011,Alzheimers Hospitalization
Kent,,Hispanic,2011,Alzheimers Hospitalization
Montgomery,135.2,Hispanic,2011,Alzheimers Hospitalization
Prince George's,,Hispanic,2011,Alzheimers Hospitalization
Queen Anne's,,Hispanic,2011,Alzheimers Hospitalization
Saint Mary's,,Hispanic,2011,Alzheimers Hospitalization
Somerset,,Hispanic,2011,Alzheimers Hospitalization
Talbot,,Hispanic,2011,Alzheimers Hospitalization
Washington,,Hispanic,2011,Alzheimers Hospitalization
Wicomico,,Hispanic,2011,Alzheimers Hospitalization
Worcester,,Hispanic,2011,Alzheimers Hospitalization
State,223.2,White,2011,Alzheimers Hospitalization
Allegany,500.5,White,2011,Alzheimers Hospitalization
Anne Arundel,235.2,White,2011,Alzheimers Hospitalization
Baltimore City,340.9,White,2011,Alzheimers Hospitalization
Baltimore County,218.9,White,2011,Alzheimers Hospitalization
Calvert,137.5,White,2011,Alzheimers Hospitalization
Caroline,220.1,White,2011,Alzheimers Hospitalization
Carroll,321.3,White,2011,Alzheimers Hospitalization
Cecil,243.2,White,2011,Alzheimers Hospitalization
Charles,301.1,White,2011,Alzheimers Hospitalization
Dorchester,172.3,White,2011,Alzheimers Hospitalization
Frederick,248.7,White,2011,Alzheimers Hospitalization
Garrett,243.1,White,2011,Alzheimers Hospitalization
Harford,197.9,White,2011,Alzheimers Hospitalization
Howard,260.8,White,2011,Alzheimers Hospitalization
Kent,277.9,White,2011,Alzheimers Hospitalization
Montgomery,125.1,White,2011,Alzheimers Hospitalization
Prince George's,226,White,2011,Alzheimers Hospitalization
Queen Anne's,208.1,White,2011,Alzheimers Hospitalization
Saint Mary's,341.9,White,2011,Alzheimers Hospitalization
Somerset,,White,2011,Alzheimers Hospitalization
Talbot,185,White,2011,Alzheimers Hospitalization
Washington,199.8,White,2011,Alzheimers Hospitalization
Wicomico,285,White,2011,Alzheimers Hospitalization
Worcester,154.9,White,2011,Alzheimers Hospitalization
State,80.4,Asian/ Pacific Islander,2011,Alzheimers Hospitalization
Allegany,,Asian/ Pacific Islander,2011,Alzheimers Hospitalization
Anne Arundel,,Asian/ Pacific Islander,2011,Alzheimers Hospitalization
Baltimore City,,Asian/ Pacific Islander,2011,Alzheimers Hospitalization
Baltimore County,,Asian/ Pacific Islander,2011,Alzheimers Hospitalization
Calvert,,Asian/ Pacific Islander,2011,Alzheimers Hospitalization
Caroline,,Asian/ Pacific Islander,2011,Alzheimers Hospitalization
Carroll,,Asian/ Pacific Islander,2011,Alzheimers Hospitalization
Cecil,,Asian/ Pacific Islander,2011,Alzheimers Hospitalization
Charles,,Asian/ Pacific Islander,2011,Alzheimers Hospitalization
Dorchester,,Asian/ Pacific Islander,2011,Alzheimers Hospitalization
Frederick,,Asian/ Pacific Islander,2011,Alzheimers Hospitalization
Garrett,,Asian/ Pacific Islander,2011,Alzheimers Hospitalization
Harford,,Asian/ Pacific Islander,2011,Alzheimers Hospitalization
Howard,,Asian/ Pacific Islander,2011,Alzheimers Hospitalization
Kent,,Asian/ Pacific Islander,2011,Alzheimers Hospitalization
Montgomery,77.9,Asian/ Pacific Islander,2011,Alzheimers Hospitalization
Prince George's,,Asian/ Pacific Islander,2011,Alzheimers Hospitalization
Queen Anne's,,Asian/ Pacific Islander,2011,Alzheimers Hospitalization
Saint Mary's,,Asian/ Pacific Islander,2011,Alzheimers Hospitalization
Somerset,,Asian/ Pacific Islander,2011,Alzheimers Hospitalization
Talbot,,Asian/ Pacific Islander,2011,Alzheimers Hospitalization
Washington,,Asian/ Pacific Islander,2011,Alzheimers Hospitalization
Wicomico,,Asian/ Pacific Islander,2011,Alzheimers Hospitalization
Worcester,,Asian/ Pacific Islander,2011,Alzheimers Hospitalization
State,291.1,All races (aggregated),2010,Alzheimers Hospitalization
Allegany,526.4,All races (aggregated),2010,Alzheimers Hospitalization
Anne Arundel,299.1,All races (aggregated),2010,Alzheimers Hospitalization
Baltimore City,428.7,All races (aggregated),2010,Alzheimers Hospitalization
Baltimore County,272.1,All races (aggregated),2010,Alzheimers Hospitalization
Calvert,222.5,All races (aggregated),2010,Alzheimers Hospitalization
Caroline,269.1,All races (aggregated),2010,Alzheimers Hospitalization
Carroll,405.6,All races (aggregated),2010,Alzheimers Hospitalization
Cecil,314.1,All races (aggregated),2010,Alzheimers Hospitalization
Charles,283.6,All races (aggregated),2010,Alzheimers Hospitalization
Dorchester,338.3,All races (aggregated),2010,Alzheimers Hospitalization
Frederick,301.2,All races (aggregated),2010,Alzheimers Hospitalization
Garrett,264.2,All races (aggregated),2010,Alzheimers Hospitalization
Harford,260,All races (aggregated),2010,Alzheimers Hospitalization
Howard,256,All races (aggregated),2010,Alzheimers Hospitalization
Kent,321.8,All races (aggregated),2010,Alzheimers Hospitalization
Montgomery,188.7,All races (aggregated),2010,Alzheimers Hospitalization
Prince George's,347.4,All races (aggregated),2010,Alzheimers Hospitalization
Queen Anne's,200.5,All races (aggregated),2010,Alzheimers Hospitalization
Saint Mary's,420.3,All races (aggregated),2010,Alzheimers Hospitalization
Somerset,380.4,All races (aggregated),2010,Alzheimers Hospitalization
Talbot,217.8,All races (aggregated),2010,Alzheimers Hospitalization
Washington,237,All races (aggregated),2010,Alzheimers Hospitalization
Wicomico,294.3,All races (aggregated),2010,Alzheimers Hospitalization
Worcester,227.4,All races (aggregated),2010,Alzheimers Hospitalization
State,437.3,Black,2010,Alzheimers Hospitalization
Allegany,,Black,2010,Alzheimers Hospitalization
Anne Arundel,501.5,Black,2010,Alzheimers Hospitalization
Baltimore City,470.6,Black,2010,Alzheimers Hospitalization
Baltimore County,543.7,Black,2010,Alzheimers Hospitalization
Calvert,,Black,2010,Alzheimers Hospitalization
Caroline,,Black,2010,Alzheimers Hospitalization
Carroll,,Black,2010,Alzheimers Hospitalization
Cecil,,Black,2010,Alzheimers Hospitalization
Charles,339.5,Black,2010,Alzheimers Hospitalization
Dorchester,,Black,2010,Alzheimers Hospitalization
Frederick,,Black,2010,Alzheimers Hospitalization
Garrett,,Black,2010,Alzheimers Hospitalization
Harford,462.3,Black,2010,Alzheimers Hospitalization
Howard,417.4,Black,2010,Alzheimers Hospitalization
Kent,,Black,2010,Alzheimers Hospitalization
Montgomery,318.1,Black,2010,Alzheimers Hospitalization
Prince George's,444.1,Black,2010,Alzheimers Hospitalization
Queen Anne's,,Black,2010,Alzheimers Hospitalization
Saint Mary's,698.7,Black,2010,Alzheimers Hospitalization
Somerset,,Black,2010,Alzheimers Hospitalization
Talbot,,Black,2010,Alzheimers Hospitalization
Washington,,Black,2010,Alzheimers Hospitalization
Wicomico,370.9,Black,2010,Alzheimers Hospitalization
Worcester,,Black,2010,Alzheimers Hospitalization
State,136.8,Hispanic,2010,Alzheimers Hospitalization
Allegany,,Hispanic,2010,Alzheimers Hospitalization
Anne Arundel,,Hispanic,2010,Alzheimers Hospitalization
Baltimore City,,Hispanic,2010,Alzheimers Hospitalization
Baltimore County,,Hispanic,2010,Alzheimers Hospitalization
Calvert,,Hispanic,2010,Alzheimers Hospitalization
Caroline,,Hispanic,2010,Alzheimers Hospitalization
Carroll,,Hispanic,2010,Alzheimers Hospitalization
Cecil,,Hispanic,2010,Alzheimers Hospitalization
Charles,,Hispanic,2010,Alzheimers Hospitalization
Dorchester,,Hispanic,2010,Alzheimers Hospitalization
Frederick,,Hispanic,2010,Alzheimers Hospitalization
Garrett,,Hispanic,2010,Alzheimers Hospitalization
Harford,,Hispanic,2010,Alzheimers Hospitalization
Howard,,Hispanic,2010,Alzheimers Hospitalization
Kent,,Hispanic,2010,Alzheimers Hospitalization
Montgomery,134,Hispanic,2010,Alzheimers Hospitalization
Prince George's,,Hispanic,2010,Alzheimers Hospitalization
Queen Anne's,,Hispanic,2010,Alzheimers Hospitalization
Saint Mary's,,Hispanic,2010,Alzheimers Hospitalization
Somerset,,Hispanic,2010,Alzheimers Hospitalization
Talbot,,Hispanic,2010,Alzheimers Hospitalization
Washington,,Hispanic,2010,Alzheimers Hospitalization
Wicomico,,Hispanic,2010,Alzheimers Hospitalization
Worcester,,Hispanic,2010,Alzheimers Hospitalization
State,252.2,White,2010,Alzheimers Hospitalization
Allegany,527.9,White,2010,Alzheimers Hospitalization
Anne Arundel,281.3,White,2010,Alzheimers Hospitalization
Baltimore City,372.1,White,2010,Alzheimers Hospitalization
Baltimore County,234.1,White,2010,Alzheimers Hospitalization
Calvert,219,White,2010,Alzheimers Hospitalization
Caroline,229.1,White,2010,Alzheimers Hospitalization
Carroll,400.2,White,2010,Alzheimers Hospitalization
Cecil,311.3,White,2010,Alzheimers Hospitalization
Charles,264.3,White,2010,Alzheimers Hospitalization
Dorchester,311.9,White,2010,Alzheimers Hospitalization
Frederick,289.9,White,2010,Alzheimers Hospitalization
Garrett,266,White,2010,Alzheimers Hospitalization
Harford,245.7,White,2010,Alzheimers Hospitalization
Howard,240.5,White,2010,Alzheimers Hospitalization
Kent,314.2,White,2010,Alzheimers Hospitalization
Montgomery,157.7,White,2010,Alzheimers Hospitalization
Prince George's,234.2,White,2010,Alzheimers Hospitalization
Queen Anne's,194.5,White,2010,Alzheimers Hospitalization
Saint Mary's,383,White,2010,Alzheimers Hospitalization
Somerset,272.9,White,2010,Alzheimers Hospitalization
Talbot,209.8,White,2010,Alzheimers Hospitalization
Washington,233.5,White,2010,Alzheimers Hospitalization
Wicomico,276.1,White,2010,Alzheimers Hospitalization
Worcester,128.6,White,2010,Alzheimers Hospitalization
State,125.9,Asian/ Pacific Islander,2010,Alzheimers Hospitalization
Allegany,,Asian/ Pacific Islander,2010,Alzheimers Hospitalization
Anne Arundel,,Asian/ Pacific Islander,2010,Alzheimers Hospitalization
Baltimore City,,Asian/ Pacific Islander,2010,Alzheimers Hospitalization
Baltimore County,,Asian/ Pacific Islander,2010,Alzheimers Hospitalization
Calvert,,Asian/ Pacific Islander,2010,Alzheimers Hospitalization
Caroline,,Asian/ Pacific Islander,2010,Alzheimers Hospitalization
Carroll,,Asian/ Pacific Islander,2010,Alzheimers Hospitalization
Cecil,,Asian/ Pacific Islander,2010,Alzheimers Hospitalization
Charles,,Asian/ Pacific Islander,2010,Alzheimers Hospitalization
Dorchester,,Asian/ Pacific Islander,2010,Alzheimers Hospitalization
Frederick,,Asian/ Pacific Islander,2010,Alzheimers Hospitalization
Garrett,,Asian/ Pacific Islander,2010,Alzheimers Hospitalization
Harford,,Asian/ Pacific Islander,2010,Alzheimers Hospitalization
Howard,,Asian/ Pacific Islander,2010,Alzheimers Hospitalization
Kent,,Asian/ Pacific Islander,2010,Alzheimers Hospitalization
Montgomery,113.4,Asian/ Pacific Islander,2010,Alzheimers Hospitalization
Prince George's,,Asian/ Pacific Islander,2010,Alzheimers Hospitalization
Queen Anne's,,Asian/ Pacific Islander,2010,Alzheimers Hospitalization
Saint Mary's,,Asian/ Pacific Islander,2010,Alzheimers Hospitalization
Somerset,,Asian/ Pacific Islander,2010,Alzheimers Hospitalization
Talbot,,Asian/ Pacific Islander,2010,Alzheimers Hospitalization
Washington,,Asian/ Pacific Islander,2010,Alzheimers Hospitalization
Wicomico,,Asian/ Pacific Islander,2010,Alzheimers Hospitalization
Worcester,,Asian/ Pacific Islander,2010,Alzheimers Hospitalization
State,327.9,All races (aggregated),2009,Alzheimers Hospitalization
Allegany,651.7,All races (aggregated),2009,Alzheimers Hospitalization
Anne Arundel,315.3,All races (aggregated),2009,Alzheimers Hospitalization
Baltimore City,490.9,All races (aggregated),2009,Alzheimers Hospitalization
Baltimore County,338.5,All races (aggregated),2009,Alzheimers Hospitalization
Calvert,265.1,All races (aggregated),2009,Alzheimers Hospitalization
Caroline,373.4,All races (aggregated),2009,Alzheimers Hospitalization
Carroll,461.3,All races (aggregated),2009,Alzheimers Hospitalization
Cecil,317,All races (aggregated),2009,Alzheimers Hospitalization
Charles,307.1,All races (aggregated),2009,Alzheimers Hospitalization
Dorchester,587,All races (aggregated),2009,Alzheimers Hospitalization
Frederick,346.8,All races (aggregated),2009,Alzheimers Hospitalization
Garrett,278.6,All races (aggregated),2009,Alzheimers Hospitalization
Harford,299.4,All races (aggregated),2009,Alzheimers Hospitalization
Howard,253.1,All races (aggregated),2009,Alzheimers Hospitalization
Kent,378.7,All races (aggregated),2009,Alzheimers Hospitalization
Montgomery,188.4,All races (aggregated),2009,Alzheimers Hospitalization
Prince George's,367.5,All races (aggregated),2009,Alzheimers Hospitalization
Queen Anne's,209.1,All races (aggregated),2009,Alzheimers Hospitalization
Saint Mary's,442.6,All races (aggregated),2009,Alzheimers Hospitalization
Somerset,475,All races (aggregated),2009,Alzheimers Hospitalization
Talbot,278.1,All races (aggregated),2009,Alzheimers Hospitalization
Washington,241.4,All races (aggregated),2009,Alzheimers Hospitalization
Wicomico,345.8,All races (aggregated),2009,Alzheimers Hospitalization
Worcester,251.3,All races (aggregated),2009,Alzheimers Hospitalization
State,492.9,Black,2009,Alzheimers Hospitalization
Allegany,,Black,2009,Alzheimers Hospitalization
Anne Arundel,432.8,Black,2009,Alzheimers Hospitalization
Baltimore City,524.2,Black,2009,Alzheimers Hospitalization
Baltimore County,720.6,Black,2009,Alzheimers Hospitalization
Calvert,,Black,2009,Alzheimers Hospitalization
Caroline,,Black,2009,Alzheimers Hospitalization
Carroll,,Black,2009,Alzheimers Hospitalization
Cecil,,Black,2009,Alzheimers Hospitalization
Charles,464.3,Black,2009,Alzheimers Hospitalization
Dorchester,789.7,Black,2009,Alzheimers Hospitalization
Frederick,,Black,2009,Alzheimers Hospitalization
Garrett,,Black,2009,Alzheimers Hospitalization
Harford,356.2,Black,2009,Alzheimers Hospitalization
Howard,361.6,Black,2009,Alzheimers Hospitalization
Kent,,Black,2009,Alzheimers Hospitalization
Montgomery,306.4,Black,2009,Alzheimers Hospitalization
Prince George's,600.2,Black,2009,Alzheimers Hospitalization
Queen Anne's,,Black,2009,Alzheimers Hospitalization
Saint Mary's,477.3,Black,2009,Alzheimers Hospitalization
Somerset,,Black,2009,Alzheimers Hospitalization
Talbot,,Black,2009,Alzheimers Hospitalization
Washington,,Black,2009,Alzheimers Hospitalization
Wicomico,371.8,Black,2009,Alzheimers Hospitalization
Worcester,,Black,2009,Alzheimers Hospitalization
State,113.9,Hispanic,2009,Alzheimers Hospitalization
Allegany,,Hispanic,2009,Alzheimers Hospitalization
Anne Arundel,,Hispanic,2009,Alzheimers Hospitalization
Baltimore City,,Hispanic,2009,Alzheimers Hospitalization
Baltimore County,,Hispanic,2009,Alzheimers Hospitalization
Calvert,,Hispanic,2009,Alzheimers Hospitalization
Caroline,,Hispanic,2009,Alzheimers Hospitalization
Carroll,,Hispanic,2009,Alzheimers Hospitalization
Cecil,,Hispanic,2009,Alzheimers Hospitalization
Charles,,Hispanic,2009,Alzheimers Hospitalization
Dorchester,,Hispanic,2009,Alzheimers Hospitalization
Frederick,,Hispanic,2009,Alzheimers Hospitalization
Garrett,,Hispanic,2009,Alzheimers Hospitalization
Harford,,Hispanic,2009,Alzheimers Hospitalization
Howard,,Hispanic,2009,Alzheimers Hospitalization
Kent,,Hispanic,2009,Alzheimers Hospitalization
Montgomery,95.8,Hispanic,2009,Alzheimers Hospitalization
Prince George's,,Hispanic,2009,Alzheimers Hospitalization
Queen Anne's,,Hispanic,2009,Alzheimers Hospitalization
Saint Mary's,,Hispanic,2009,Alzheimers Hospitalization
Somerset,,Hispanic,2009,Alzheimers Hospitalization
Talbot,,Hispanic,2009,Alzheimers Hospitalization
Washington,,Hispanic,2009,Alzheimers Hospitalization
Wicomico,,Hispanic,2009,Alzheimers Hospitalization
Worcester,,Hispanic,2009,Alzheimers Hospitalization
State,288.6,White,2009,Alzheimers Hospitalization
Allegany,658.4,White,2009,Alzheimers Hospitalization
Anne Arundel,300.1,White,2009,Alzheimers Hospitalization
Baltimore City,443.6,White,2009,Alzheimers Hospitalization
Baltimore County,291,White,2009,Alzheimers Hospitalization
Calvert,242.6,White,2009,Alzheimers Hospitalization
Caroline,378.3,White,2009,Alzheimers Hospitalization
Carroll,463.4,White,2009,Alzheimers Hospitalization
Cecil,310.7,White,2009,Alzheimers Hospitalization
Charles,263.8,White,2009,Alzheimers Hospitalization
Dorchester,515.3,White,2009,Alzheimers Hospitalization
Frederick,348.8,White,2009,Alzheimers Hospitalization
Garrett,278.8,White,2009,Alzheimers Hospitalization
Harford,297.7,White,2009,Alzheimers Hospitalization
Howard,247.6,White,2009,Alzheimers Hospitalization
Kent,378.3,White,2009,Alzheimers Hospitalization
Montgomery,167.3,White,2009,Alzheimers Hospitalization
Prince George's,218.3,White,2009,Alzheimers Hospitalization
Queen Anne's,205.7,White,2009,Alzheimers Hospitalization
Saint Mary's,448.2,White,2009,Alzheimers Hospitalization
Somerset,294.7,White,2009,Alzheimers Hospitalization
Talbot,290.6,White,2009,Alzheimers Hospitalization
Washington,236.4,White,2009,Alzheimers Hospitalization
Wicomico,335.6,White,2009,Alzheimers Hospitalization
Worcester,92.5,White,2009,Alzheimers Hospitalization
State,83.4,Asian/ Pacific Islander,2009,Alzheimers Hospitalization
Allegany,,Asian/ Pacific Islander,2009,Alzheimers Hospitalization
Anne Arundel,,Asian/ Pacific Islander,2009,Alzheimers Hospitalization
Baltimore City,,Asian/ Pacific Islander,2009,Alzheimers Hospitalization
Baltimore County,,Asian/ Pacific Islander,2009,Alzheimers Hospitalization
Calvert,,Asian/ Pacific Islander,2009,Alzheimers Hospitalization
Caroline,,Asian/ Pacific Islander,2009,Alzheimers Hospitalization
Carroll,,Asian/ Pacific Islander,2009,Alzheimers Hospitalization
Cecil,,Asian/ Pacific Islander,2009,Alzheimers Hospitalization
Charles,,Asian/ Pacific Islander,2009,Alzheimers Hospitalization
Dorchester,,Asian/ Pacific Islander,2009,Alzheimers Hospitalization
Frederick,,Asian/ Pacific Islander,2009,Alzheimers Hospitalization
Garrett,,Asian/ Pacific Islander,2009,Alzheimers Hospitalization
Harford,,Asian/ Pacific Islander,2009,Alzheimers Hospitalization
Howard,,Asian/ Pacific Islander,2009,Alzheimers Hospitalization
Kent,,Asian/ Pacific Islander,2009,Alzheimers Hospitalization
Montgomery,93.2,Asian/ Pacific Islander,2009,Alzheimers Hospitalization
Prince George's,,Asian/ Pacific Islander,2009,Alzheimers Hospitalization
Queen Anne's,,Asian/ Pacific Islander,2009,Alzheimers Hospitalization
Saint Mary's,,Asian/ Pacific Islander,2009,Alzheimers Hospitalization
Somerset,,Asian/ Pacific Islander,2009,Alzheimers Hospitalization
Talbot,,Asian/ Pacific Islander,2009,Alzheimers Hospitalization
Washington,,Asian/ Pacific Islander,2009,Alzheimers Hospitalization
Wicomico,,Asian/ Pacific Islander,2009,Alzheimers Hospitalization
Worcester,,Asian/ Pacific Islander,2009,Alzheimers Hospitalization
State,341.5,All races (aggregated),2008,Alzheimers Hospitalization
Allegany,674.9,All races (aggregated),2008,Alzheimers Hospitalization
Anne Arundel,334.3,All races (aggregated),2008,Alzheimers Hospitalization
Baltimore City,473,All races (aggregated),2008,Alzheimers Hospitalization
Baltimore County,326.9,All races (aggregated),2008,Alzheimers Hospitalization
Calvert,337.9,All races (aggregated),2008,Alzheimers Hospitalization
Caroline,366.2,All races (aggregated),2008,Alzheimers Hospitalization
Carroll,495.7,All races (aggregated),2008,Alzheimers Hospitalization
Cecil,320.2,All races (aggregated),2008,Alzheimers Hospitalization
Charles,389.3,All races (aggregated),2008,Alzheimers Hospitalization
Dorchester,607.7,All races (aggregated),2008,Alzheimers Hospitalization
Frederick,394,All races (aggregated),2008,Alzheimers Hospitalization
Garrett,319.4,All races (aggregated),2008,Alzheimers Hospitalization
Harford,315.6,All races (aggregated),2008,Alzheimers Hospitalization
Howard,281.4,All races (aggregated),2008,Alzheimers Hospitalization
Kent,450.2,All races (aggregated),2008,Alzheimers Hospitalization
Montgomery,222.3,All races (aggregated),2008,Alzheimers Hospitalization
Prince George's,364.2,All races (aggregated),2008,Alzheimers Hospitalization
Queen Anne's,209.2,All races (aggregated),2008,Alzheimers Hospitalization
Saint Mary's,354.9,All races (aggregated),2008,Alzheimers Hospitalization
Somerset,412,All races (aggregated),2008,Alzheimers Hospitalization
Talbot,324.8,All races (aggregated),2008,Alzheimers Hospitalization
Washington,313.6,All races (aggregated),2008,Alzheimers Hospitalization
Wicomico,337.7,All races (aggregated),2008,Alzheimers Hospitalization
Worcester,238.9,All races (aggregated),2008,Alzheimers Hospitalization
State,512.7,Black,2008,Alzheimers Hospitalization
Allegany,,Black,2008,Alzheimers Hospitalization
Anne Arundel,530.9,Black,2008,Alzheimers Hospitalization
Baltimore City,550.6,Black,2008,Alzheimers Hospitalization
Baltimore County,758.6,Black,2008,Alzheimers Hospitalization
Calvert,,Black,2008,Alzheimers Hospitalization
Caroline,,Black,2008,Alzheimers Hospitalization
Carroll,,Black,2008,Alzheimers Hospitalization
Cecil,,Black,2008,Alzheimers Hospitalization
Charles,479.8,Black,2008,Alzheimers Hospitalization
Dorchester,690.8,Black,2008,Alzheimers Hospitalization
Frederick,,Black,2008,Alzheimers Hospitalization
Garrett,,Black,2008,Alzheimers Hospitalization
Harford,447.1,Black,2008,Alzheimers Hospitalization
Howard,354.3,Black,2008,Alzheimers Hospitalization
Kent,,Black,2008,Alzheimers Hospitalization
Montgomery,367.1,Black,2008,Alzheimers Hospitalization
Prince George's,560.4,Black,2008,Alzheimers Hospitalization
Queen Anne's,,Black,2008,Alzheimers Hospitalization
Saint Mary's,,Black,2008,Alzheimers Hospitalization
Somerset,,Black,2008,Alzheimers Hospitalization
Talbot,,Black,2008,Alzheimers Hospitalization
Washington,,Black,2008,Alzheimers Hospitalization
Wicomico,365.5,Black,2008,Alzheimers Hospitalization
Worcester,,Black,2008,Alzheimers Hospitalization
State,106.3,Hispanic,2008,Alzheimers Hospitalization
Allegany,,Hispanic,2008,Alzheimers Hospitalization
Anne Arundel,,Hispanic,2008,Alzheimers Hospitalization
Baltimore City,,Hispanic,2008,Alzheimers Hospitalization
Baltimore County,,Hispanic,2008,Alzheimers Hospitalization
Calvert,,Hispanic,2008,Alzheimers Hospitalization
Caroline,,Hispanic,2008,Alzheimers Hospitalization
Carroll,,Hispanic,2008,Alzheimers Hospitalization
Cecil,,Hispanic,2008,Alzheimers Hospitalization
Charles,,Hispanic,2008,Alzheimers Hospitalization
Dorchester,,Hispanic,2008,Alzheimers Hospitalization
Frederick,,Hispanic,2008,Alzheimers Hospitalization
Garrett,,Hispanic,2008,Alzheimers Hospitalization
Harford,,Hispanic,2008,Alzheimers Hospitalization
Howard,,Hispanic,2008,Alzheimers Hospitalization
Kent,,Hispanic,2008,Alzheimers Hospitalization
Montgomery,81.1,Hispanic,2008,Alzheimers Hospitalization
Prince George's,,Hispanic,2008,Alzheimers Hospitalization
Queen Anne's,,Hispanic,2008,Alzheimers Hospitalization
Saint Mary's,,Hispanic,2008,Alzheimers Hospitalization
Somerset,,Hispanic,2008,Alzheimers Hospitalization
Talbot,,Hispanic,2008,Alzheimers Hospitalization
Washington,,Hispanic,2008,Alzheimers Hospitalization
Wicomico,,Hispanic,2008,Alzheimers Hospitalization
Worcester,,Hispanic,2008,Alzheimers Hospitalization
State,298.5,White,2008,Alzheimers Hospitalization
Allegany,687.5,White,2008,Alzheimers Hospitalization
Anne Arundel,312,White,2008,Alzheimers Hospitalization
Baltimore City,373.8,White,2008,Alzheimers Hospitalization
Baltimore County,278,White,2008,Alzheimers Hospitalization
Calvert,323.1,White,2008,Alzheimers Hospitalization
Caroline,337.2,White,2008,Alzheimers Hospitalization
Carroll,494.6,White,2008,Alzheimers Hospitalization
Cecil,321.7,White,2008,Alzheimers Hospitalization
Charles,357.5,White,2008,Alzheimers Hospitalization
Dorchester,586,White,2008,Alzheimers Hospitalization
Frederick,401.1,White,2008,Alzheimers Hospitalization
Garrett,319.8,White,2008,Alzheimers Hospitalization
Harford,305.4,White,2008,Alzheimers Hospitalization
Howard,282.6,White,2008,Alzheimers Hospitalization
Kent,430.6,White,2008,Alzheimers Hospitalization
Montgomery,195.8,White,2008,Alzheimers Hospitalization
Prince George's,220.3,White,2008,Alzheimers Hospitalization
Queen Anne's,188.3,White,2008,Alzheimers Hospitalization
Saint Mary's,363.6,White,2008,Alzheimers Hospitalization
Somerset,,White,2008,Alzheimers Hospitalization
Talbot,317.2,White,2008,Alzheimers Hospitalization
Washington,307.8,White,2008,Alzheimers Hospitalization
Wicomico,322.6,White,2008,Alzheimers Hospitalization
Worcester,83.2,White,2008,Alzheimers Hospitalization
State,90.9,Asian/ Pacific Islander,2008,Alzheimers Hospitalization
Allegany,,Asian/ Pacific Islander,2008,Alzheimers Hospitalization
Anne Arundel,,Asian/ Pacific Islander,2008,Alzheimers Hospitalization
Baltimore City,,Asian/ Pacific Islander,2008,Alzheimers Hospitalization
Baltimore County,,Asian/ Pacific Islander,2008,Alzheimers Hospitalization
Calvert,,Asian/ Pacific Islander,2008,Alzheimers Hospitalization
Caroline,,Asian/ Pacific Islander,2008,Alzheimers Hospitalization
Carroll,,Asian/ Pacific Islander,2008,Alzheimers Hospitalization
Cecil,,Asian/ Pacific Islander,2008,Alzheimers Hospitalization
Charles,,Asian/ Pacific Islander,2008,Alzheimers Hospitalization
Dorchester,,Asian/ Pacific Islander,2008,Alzheimers Hospitalization
Frederick,,Asian/ Pacific Islander,2008,Alzheimers Hospitalization
Garrett,,Asian/ Pacific Islander,2008,Alzheimers Hospitalization
Harford,,Asian/ Pacific Islander,2008,Alzheimers Hospitalization
Howard,,Asian/ Pacific Islander,2008,Alzheimers Hospitalization
Kent,,Asian/ Pacific Islander,2008,Alzheimers Hospitalization
Montgomery,113.3,Asian/ Pacific Islander,2008,Alzheimers Hospitalization
Prince George's,,Asian/ Pacific Islander,2008,Alzheimers Hospitalization
Queen Anne's,,Asian/ Pacific Islander,2008,Alzheimers Hospitalization
Saint Mary's,,Asian/ Pacific Islander,2008,Alzheimers Hospitalization
Somerset,,Asian/ Pacific Islander,2008,Alzheimers Hospitalization
Talbot,,Asian/ Pacific Islander,2008,Alzheimers Hospitalization
Washington,,Asian/ Pacific Islander,2008,Alzheimers Hospitalization
Wicomico,,Asian/ Pacific Islander,2008,Alzheimers Hospitalization
Worcester,,Asian/ Pacific Islander,2008,Alzheimers Hospitalization
